usnews_cs_rank,school,location,city,state,tie,official_url,cs_department_url,cs_jobs_url,faculty_jobs_url,careers_url,source,source_url,source_file,notes
1,Carnegie Mellon University,"Pittsburgh, PA",Pittsburgh,PA,true,,,,,,U.S. News 2026 Best Computer Science Schools,https://www.usnews.com/best-graduate-schools/top-computer-science-schools/computer-science-rankings,usnews_index_copy.txt,
1,Massachusetts Institute of Technology,"Cambridge, MA",Cambridge,MA,true,,,,,,U.S. News 2026 Best Computer Science Schools,https://www.usnews.com/best-graduate-schools/top-computer-science-schools/computer-science-rankings,usnews_index_copy.txt,
1,Stanford University,"Stanford, CA",Stanford,CA,true,,,,,,U.S. News 2026 Best Computer Science Schools,https://www.usnews.com/best-graduate-schools/top-computer-science-schools/computer-science-rankings,usnews_index_copy.txt,
4,University of California--Berkeley,"Berkeley, CA",Berkeley,CA,false,,,,,,U.S. News 2026 Best Computer Science Schools,https://www.usnews.com/best-graduate-schools/top-computer-science-schools/computer-science-rankings,usnews_index_copy.txt,
5,University of Illinois--Urbana-Champaign,"Urbana, IL",Urbana,IL,false,,,,,,U.S. News 2026 Best Computer Science Schools,https://www.usnews.com/best-graduate-schools/top-computer-science-schools/computer-science-rankings,usnews_index_copy.txt,
6,Princeton University,NJ,,NJ,false,,,,,,U.S. News 2026 Best Computer Science Schools,https://www.usnews.com/best-graduate-schools/top-computer-science-schools/computer-science-rankings,usnews_index_copy.txt,
7,Cornell University,"Ithaca, NY",Ithaca,NY,true,,,,,,U.S. News 2026 Best Computer Science Schools,https://www.usnews.com/best-graduate-schools/top-computer-science-schools/computer-science-rankings,usnews_index_copy.txt,
7,Georgia Institute of Technology,GA,,GA,true,,,,,,U.S. News 2026 Best Computer Science Schools,https://www.usnews.com/best-graduate-schools/top-computer-science-schools/computer-science-rankings,usnews_index_copy.txt,
7,University of Washington,"Seattle, WA",Seattle,WA,true,,,,,,U.S. News 2026 Best Computer Science Schools,https://www.usnews.com/best-graduate-schools/top-computer-science-schools/computer-science-rankings,usnews_index_copy.txt,
10,University of Texas--Austin,"Austin, TX",Austin,TX,false,,,,,,U.S. News 2026 Best Computer Science Schools,https://www.usnews.com/best-graduate-schools/top-computer-science-schools/computer-science-rankings,usnews_index_copy.txt,
11,University of Michigan--Ann Arbor,"Ann Arbor, MI",Ann Arbor,MI,false,,,,,,U.S. News 2026 Best Computer Science Schools,https://www.usnews.com/best-graduate-schools/top-computer-science-schools/computer-science-rankings,usnews_index_copy.txt,
12,California Institute of Technology,"Pasadena, CA",Pasadena,CA,true,,,,,,U.S. News 2026 Best Computer Science Schools,https://www.usnews.com/best-graduate-schools/top-computer-science-schools/computer-science-rankings,usnews_index_copy.txt,
12,University of California--San Diego,"La Jolla, CA",La Jolla,CA,true,,,,,,U.S. News 2026 Best Computer Science Schools,https://www.usnews.com/best-graduate-schools/top-computer-science-schools/computer-science-rankings,usnews_index_copy.txt,
12,University of Maryland--College Park,"College Park, MD",College Park,MD,true,,,,,,U.S. News 2026 Best Computer Science Schools,https://www.usnews.com/best-graduate-schools/top-computer-science-schools/computer-science-rankings,usnews_index_copy.txt,
15,Columbia University,NY,,NY,true,,,,,,U.S. News 2026 Best Computer Science Schools,https://www.usnews.com/best-graduate-schools/top-computer-science-schools/computer-science-rankings,usnews_index_copy.txt,
15,Purdue University--West Lafayette,"West Lafayette, IN",West Lafayette,IN,true,,,,,,U.S. News 2026 Best Computer Science Schools,https://www.usnews.com/best-graduate-schools/top-computer-science-schools/computer-science-rankings,usnews_index_copy.txt,
15,University of California--Los Angeles,CA,,CA,true,,,,,,U.S. News 2026 Best Computer Science Schools,https://www.usnews.com/best-graduate-schools/top-computer-science-schools/computer-science-rankings,usnews_index_copy.txt,
15,University of Wisconsin--Madison,"Madison, WI",Madison,WI,true,,,,,,U.S. News 2026 Best Computer Science Schools,https://www.usnews.com/best-graduate-schools/top-computer-science-schools/computer-science-rankings,usnews_index_copy.txt,
19,Harvard University,MA,,MA,true,,,,,,U.S. News 2026 Best Computer Science Schools,https://www.usnews.com/best-graduate-schools/top-computer-science-schools/computer-science-rankings,usnews_index_copy.txt,
19,University of Pennsylvania,"Philadelphia, PA",Philadelphia,PA,true,,,,,,U.S. News 2026 Best Computer Science Schools,https://www.usnews.com/best-graduate-schools/top-computer-science-schools/computer-science-rankings,usnews_index_copy.txt,
21,Johns Hopkins University,"Baltimore, MD",Baltimore,MD,true,,,,,,U.S. News 2026 Best Computer Science Schools,https://www.usnews.com/best-graduate-schools/top-computer-science-schools/computer-science-rankings,usnews_index_copy.txt,
21,University of Chicago,IL,,IL,true,,,,,,U.S. News 2026 Best Computer Science Schools,https://www.usnews.com/best-graduate-schools/top-computer-science-schools/computer-science-rankings,usnews_index_copy.txt,
21,University of Southern California,CA,,CA,true,,,,,,U.S. News 2026 Best Computer Science Schools,https://www.usnews.com/best-graduate-schools/top-computer-science-schools/computer-science-rankings,usnews_index_copy.txt,
21,Yale University,"New Haven, CT",New Haven,CT,true,,,,,,U.S. News 2026 Best Computer Science Schools,https://www.usnews.com/best-graduate-schools/top-computer-science-schools/computer-science-rankings,usnews_index_copy.txt,
25,Duke University,NC,,NC,true,,,,,,U.S. News 2026 Best Computer Science Schools,https://www.usnews.com/best-graduate-schools/top-computer-science-schools/computer-science-rankings,usnews_index_copy.txt,
25,University of Massachusetts--Amherst,"Amherst, MA",Amherst,MA,true,,,,,,U.S. News 2026 Best Computer Science Schools,https://www.usnews.com/best-graduate-schools/top-computer-science-schools/computer-science-rankings,usnews_index_copy.txt,
27,Brown University,"Providence, RI",Providence,RI,true,,,,,,U.S. News 2026 Best Computer Science Schools,https://www.usnews.com/best-graduate-schools/top-computer-science-schools/computer-science-rankings,usnews_index_copy.txt,
27,New York University,NY,,NY,true,,,,,,U.S. News 2026 Best Computer Science Schools,https://www.usnews.com/best-graduate-schools/top-computer-science-schools/computer-science-rankings,usnews_index_copy.txt,
27,Northwestern University,IL,,IL,true,,,,,,U.S. News 2026 Best Computer Science Schools,https://www.usnews.com/best-graduate-schools/top-computer-science-schools/computer-science-rankings,usnews_index_copy.txt,
27,Rice University,"Houston, TX",Houston,TX,true,,,,,,U.S. News 2026 Best Computer Science Schools,https://www.usnews.com/best-graduate-schools/top-computer-science-schools/computer-science-rankings,usnews_index_copy.txt,
27,University of California--Irvine,"Irvine, CA",Irvine,CA,true,,,,,,U.S. News 2026 Best Computer Science Schools,https://www.usnews.com/best-graduate-schools/top-computer-science-schools/computer-science-rankings,usnews_index_copy.txt,
27,University of California--Santa Barbara,"Santa Barbara, CA",Santa Barbara,CA,true,,,,,,U.S. News 2026 Best Computer Science Schools,https://www.usnews.com/best-graduate-schools/top-computer-science-schools/computer-science-rankings,usnews_index_copy.txt,
27,University of North Carolina--Chapel Hill,"Chapel Hill, NC",Chapel Hill,NC,true,,,,,,U.S. News 2026 Best Computer Science Schools,https://www.usnews.com/best-graduate-schools/top-computer-science-schools/computer-science-rankings,usnews_index_copy.txt,
34,Northeastern University,"Boston, MA",Boston,MA,true,,,,,,U.S. News 2026 Best Computer Science Schools,https://www.usnews.com/best-graduate-schools/top-computer-science-schools/computer-science-rankings,usnews_index_copy.txt,
34,University of Colorado--Boulder,"Boulder, CO",Boulder,CO,true,,,,,,U.S. News 2026 Best Computer Science Schools,https://www.usnews.com/best-graduate-schools/top-computer-science-schools/computer-science-rankings,usnews_index_copy.txt,
34,University of Virginia,VA,,VA,true,,,,,,U.S. News 2026 Best Computer Science Schools,https://www.usnews.com/best-graduate-schools/top-computer-science-schools/computer-science-rankings,usnews_index_copy.txt,
34,Virginia Tech,"Blacksburg, VA",Blacksburg,VA,true,,,,,,U.S. News 2026 Best Computer Science Schools,https://www.usnews.com/best-graduate-schools/top-computer-science-schools/computer-science-rankings,usnews_index_copy.txt,
38,Ohio State University,"Columbus, OH",Columbus,OH,true,,,,,,U.S. News 2026 Best Computer Science Schools,https://www.usnews.com/best-graduate-schools/top-computer-science-schools/computer-science-rankings,usnews_index_copy.txt,
38,Pennsylvania State University--University Park,"University Park, PA",University Park,PA,true,,,,,,U.S. News 2026 Best Computer Science Schools,https://www.usnews.com/best-graduate-schools/top-computer-science-schools/computer-science-rankings,usnews_index_copy.txt,
38,Texas A&M University--College Station,"College Station, TX",College Station,TX,true,,,,,,U.S. News 2026 Best Computer Science Schools,https://www.usnews.com/best-graduate-schools/top-computer-science-schools/computer-science-rankings,usnews_index_copy.txt,
38,University of California--Davis,"Davis, CA",Davis,CA,true,,,,,,U.S. News 2026 Best Computer Science Schools,https://www.usnews.com/best-graduate-schools/top-computer-science-schools/computer-science-rankings,usnews_index_copy.txt,
38,University of Minnesota--Twin Cities,"Minneapolis, MN",Minneapolis,MN,true,,,,,,U.S. News 2026 Best Computer Science Schools,https://www.usnews.com/best-graduate-schools/top-computer-science-schools/computer-science-rankings,usnews_index_copy.txt,
43,Arizona State University,"Tempe, AZ",Tempe,AZ,true,,,,,,U.S. News 2026 Best Computer Science Schools,https://www.usnews.com/best-graduate-schools/top-computer-science-schools/computer-science-rankings,usnews_index_copy.txt,
43,Rutgers University--New Brunswick,"Piscataway, NJ",Piscataway,NJ,true,,,,,,U.S. News 2026 Best Computer Science Schools,https://www.usnews.com/best-graduate-schools/top-computer-science-schools/computer-science-rankings,usnews_index_copy.txt,
43,Stony Brook University--SUNY,"Stony Brook, NY",Stony Brook,NY,true,,,,,,U.S. News 2026 Best Computer Science Schools,https://www.usnews.com/best-graduate-schools/top-computer-science-schools/computer-science-rankings,usnews_index_copy.txt,
46,Boston University,MA,,MA,true,,,,,,U.S. News 2026 Best Computer Science Schools,https://www.usnews.com/best-graduate-schools/top-computer-science-schools/computer-science-rankings,usnews_index_copy.txt,
46,North Carolina State University,NC,,NC,true,,,,,,U.S. News 2026 Best Computer Science Schools,https://www.usnews.com/best-graduate-schools/top-computer-science-schools/computer-science-rankings,usnews_index_copy.txt,
46,University of Utah,UT,,UT,true,,,,,,U.S. News 2026 Best Computer Science Schools,https://www.usnews.com/best-graduate-schools/top-computer-science-schools/computer-science-rankings,usnews_index_copy.txt,
46,Vanderbilt University,"Nashville, TN",Nashville,TN,true,,,,,,U.S. News 2026 Best Computer Science Schools,https://www.usnews.com/best-graduate-schools/top-computer-science-schools/computer-science-rankings,usnews_index_copy.txt,
46,Washington University in St. Louis,"St. Louis, MO",St. Louis,MO,true,,,,,,U.S. News 2026 Best Computer Science Schools,https://www.usnews.com/best-graduate-schools/top-computer-science-schools/computer-science-rankings,usnews_index_copy.txt,
51,Dartmouth College,NH,,NH,true,,,,,,U.S. News 2026 Best Computer Science Schools,https://www.usnews.com/best-graduate-schools/top-computer-science-schools/computer-science-rankings,usnews_index_copy.txt,
51,Indiana University--Bloomington,IN,,IN,true,,,,,,U.S. News 2026 Best Computer Science Schools,https://www.usnews.com/best-graduate-schools/top-computer-science-schools/computer-science-rankings,usnews_index_copy.txt,
51,University of California--Santa Cruz,"Santa Cruz, CA",Santa Cruz,CA,true,,,,,,U.S. News 2026 Best Computer Science Schools,https://www.usnews.com/best-graduate-schools/top-computer-science-schools/computer-science-rankings,usnews_index_copy.txt,
51,University of Florida,"Gainesville, FL",Gainesville,FL,true,,,,,,U.S. News 2026 Best Computer Science Schools,https://www.usnews.com/best-graduate-schools/top-computer-science-schools/computer-science-rankings,usnews_index_copy.txt,
51,University of Pittsburgh,"Pittsburgh, PA",Pittsburgh,PA,true,,,,,,U.S. News 2026 Best Computer Science Schools,https://www.usnews.com/best-graduate-schools/top-computer-science-schools/computer-science-rankings,usnews_index_copy.txt,
56,Michigan State University,"East Lansing, MI",East Lansing,MI,true,,,,,,U.S. News 2026 Best Computer Science Schools,https://www.usnews.com/best-graduate-schools/top-computer-science-schools/computer-science-rankings,usnews_index_copy.txt,
56,Tufts University,"Medford, MA",Medford,MA,true,,,,,,U.S. News 2026 Best Computer Science Schools,https://www.usnews.com/best-graduate-schools/top-computer-science-schools/computer-science-rankings,usnews_index_copy.txt,
56,University of Notre Dame,IN,,IN,true,,,,,,U.S. News 2026 Best Computer Science Schools,https://www.usnews.com/best-graduate-schools/top-computer-science-schools/computer-science-rankings,usnews_index_copy.txt,
59,Iowa State University,"Ames, IA",Ames,IA,true,,,,,,U.S. News 2026 Best Computer Science Schools,https://www.usnews.com/best-graduate-schools/top-computer-science-schools/computer-science-rankings,usnews_index_copy.txt,
59,University of Arizona,"Tucson, AZ",Tucson,AZ,true,,,,,,U.S. News 2026 Best Computer Science Schools,https://www.usnews.com/best-graduate-schools/top-computer-science-schools/computer-science-rankings,usnews_index_copy.txt,
59,University of California--Riverside,CA,,CA,true,,,,,,U.S. News 2026 Best Computer Science Schools,https://www.usnews.com/best-graduate-schools/top-computer-science-schools/computer-science-rankings,usnews_index_copy.txt,
59,University of Illinois Chicago,IL,,IL,true,,,,,,U.S. News 2026 Best Computer Science Schools,https://www.usnews.com/best-graduate-schools/top-computer-science-schools/computer-science-rankings,usnews_index_copy.txt,
59,University of Rochester,"Rochester, NY",Rochester,NY,true,,,,,,U.S. News 2026 Best Computer Science Schools,https://www.usnews.com/best-graduate-schools/top-computer-science-schools/computer-science-rankings,usnews_index_copy.txt,
59,University of Texas--Dallas,"Richardson, TX",Richardson,TX,true,,,,,,U.S. News 2026 Best Computer Science Schools,https://www.usnews.com/best-graduate-schools/top-computer-science-schools/computer-science-rankings,usnews_index_copy.txt,
65,George Mason University,"Fairfax, VA",Fairfax,VA,true,,,,,,U.S. News 2026 Best Computer Science Schools,https://www.usnews.com/best-graduate-schools/top-computer-science-schools/computer-science-rankings,usnews_index_copy.txt,
65,Toyota Technological Institute at Chicago,IL,,IL,true,,,,,,U.S. News 2026 Best Computer Science Schools,https://www.usnews.com/best-graduate-schools/top-computer-science-schools/computer-science-rankings,usnews_index_copy.txt,
65,University at Buffalo--SUNY,"Buffalo, NY",Buffalo,NY,true,,,,,,U.S. News 2026 Best Computer Science Schools,https://www.usnews.com/best-graduate-schools/top-computer-science-schools/computer-science-rankings,usnews_index_copy.txt,
65,University of Central Florida,FL,,FL,true,,,,,,U.S. News 2026 Best Computer Science Schools,https://www.usnews.com/best-graduate-schools/top-computer-science-schools/computer-science-rankings,usnews_index_copy.txt,
69,Emory University,"Atlanta, GA",Atlanta,GA,true,,,,,,U.S. News 2026 Best Computer Science Schools,https://www.usnews.com/best-graduate-schools/top-computer-science-schools/computer-science-rankings,usnews_index_copy.txt,
69,George Washington University,"Washington, DC",Washington,DC,true,,,,,,U.S. News 2026 Best Computer Science Schools,https://www.usnews.com/best-graduate-schools/top-computer-science-schools/computer-science-rankings,usnews_index_copy.txt,
69,Oregon State University,"Corvallis, OR",Corvallis,OR,true,,,,,,U.S. News 2026 Best Computer Science Schools,https://www.usnews.com/best-graduate-schools/top-computer-science-schools/computer-science-rankings,usnews_index_copy.txt,
69,Rensselaer Polytechnic Institute,NY,,NY,true,,,,,,U.S. News 2026 Best Computer Science Schools,https://www.usnews.com/best-graduate-schools/top-computer-science-schools/computer-science-rankings,usnews_index_copy.txt,
69,University of Delaware,"Newark, DE",Newark,DE,true,,,,,,U.S. News 2026 Best Computer Science Schools,https://www.usnews.com/best-graduate-schools/top-computer-science-schools/computer-science-rankings,usnews_index_copy.txt,
69,University of Iowa,"Iowa City, IA",Iowa City,IA,true,,,,,,U.S. News 2026 Best Computer Science Schools,https://www.usnews.com/best-graduate-schools/top-computer-science-schools/computer-science-rankings,usnews_index_copy.txt,
69,William & Mary,"Williamsburg, VA",Williamsburg,VA,true,,,,,,U.S. News 2026 Best Computer Science Schools,https://www.usnews.com/best-graduate-schools/top-computer-science-schools/computer-science-rankings,usnews_index_copy.txt,
76,Case Western Reserve University,OH,,OH,true,,,,,,U.S. News 2026 Best Computer Science Schools,https://www.usnews.com/best-graduate-schools/top-computer-science-schools/computer-science-rankings,usnews_index_copy.txt,
76,Georgetown University,DC,,DC,true,,,,,,U.S. News 2026 Best Computer Science Schools,https://www.usnews.com/best-graduate-schools/top-computer-science-schools/computer-science-rankings,usnews_index_copy.txt,
76,Rochester Institute of Technology,NY,,NY,true,,,,,,U.S. News 2026 Best Computer Science Schools,https://www.usnews.com/best-graduate-schools/top-computer-science-schools/computer-science-rankings,usnews_index_copy.txt,
76,Syracuse University,"Syracuse, NY",Syracuse,NY,true,,,,,,U.S. News 2026 Best Computer Science Schools,https://www.usnews.com/best-graduate-schools/top-computer-science-schools/computer-science-rankings,usnews_index_copy.txt,
76,University of Georgia,"Athens, GA",Athens,GA,true,,,,,,U.S. News 2026 Best Computer Science Schools,https://www.usnews.com/best-graduate-schools/top-computer-science-schools/computer-science-rankings,usnews_index_copy.txt,
76,University of Nebraska--Lincoln,NE,,NE,true,,,,,,U.S. News 2026 Best Computer Science Schools,https://www.usnews.com/best-graduate-schools/top-computer-science-schools/computer-science-rankings,usnews_index_copy.txt,
76,University of Tennessee--Knoxville,"Knoxville, TN",Knoxville,TN,true,,,,,,U.S. News 2026 Best Computer Science Schools,https://www.usnews.com/best-graduate-schools/top-computer-science-schools/computer-science-rankings,usnews_index_copy.txt,
83,Clemson University,"Clemson, SC",Clemson,SC,true,,,,,,U.S. News 2026 Best Computer Science Schools,https://www.usnews.com/best-graduate-schools/top-computer-science-schools/computer-science-rankings,usnews_index_copy.txt,
83,Colorado School of Mines,"Golden, CO",Golden,CO,true,,,,,,U.S. News 2026 Best Computer Science Schools,https://www.usnews.com/best-graduate-schools/top-computer-science-schools/computer-science-rankings,usnews_index_copy.txt,
83,"University of Maryland, Baltimore County","Baltimore, MD",Baltimore,MD,true,,,,,,U.S. News 2026 Best Computer Science Schools,https://www.usnews.com/best-graduate-schools/top-computer-science-schools/computer-science-rankings,usnews_index_copy.txt,
83,University of Oregon,"Eugene, OR",Eugene,OR,true,,,,,,U.S. News 2026 Best Computer Science Schools,https://www.usnews.com/best-graduate-schools/top-computer-science-schools/computer-science-rankings,usnews_index_copy.txt,
83,University of South Florida,"Tampa, FL",Tampa,FL,true,,,,,,U.S. News 2026 Best Computer Science Schools,https://www.usnews.com/best-graduate-schools/top-computer-science-schools/computer-science-rankings,usnews_index_copy.txt,
88,Auburn University,"Auburn, AL",Auburn,AL,true,,,,,,U.S. News 2026 Best Computer Science Schools,https://www.usnews.com/best-graduate-schools/top-computer-science-schools/computer-science-rankings,usnews_index_copy.txt,
88,Florida State University,"Tallahassee, FL",Tallahassee,FL,true,,,,,,U.S. News 2026 Best Computer Science Schools,https://www.usnews.com/best-graduate-schools/top-computer-science-schools/computer-science-rankings,usnews_index_copy.txt,
88,Lehigh University,PA,,PA,true,,,,,,U.S. News 2026 Best Computer Science Schools,https://www.usnews.com/best-graduate-schools/top-computer-science-schools/computer-science-rankings,usnews_index_copy.txt,
88,New Jersey Institute of Technology,"Newark, NJ",Newark,NJ,true,,,,,,U.S. News 2026 Best Computer Science Schools,https://www.usnews.com/best-graduate-schools/top-computer-science-schools/computer-science-rankings,usnews_index_copy.txt,
88,Stevens Institute of Technology,"Hoboken, NJ",Hoboken,NJ,true,,,,,,U.S. News 2026 Best Computer Science Schools,https://www.usnews.com/best-graduate-schools/top-computer-science-schools/computer-science-rankings,usnews_index_copy.txt,
88,University of Connecticut,CT,,CT,true,,,,,,U.S. News 2026 Best Computer Science Schools,https://www.usnews.com/best-graduate-schools/top-computer-science-schools/computer-science-rankings,usnews_index_copy.txt,
88,University of Texas--Arlington,TX,,TX,true,,,,,,U.S. News 2026 Best Computer Science Schools,https://www.usnews.com/best-graduate-schools/top-computer-science-schools/computer-science-rankings,usnews_index_copy.txt,
88,Worcester Polytechnic Institute,"Worcester, MA",Worcester,MA,true,,,,,,U.S. News 2026 Best Computer Science Schools,https://www.usnews.com/best-graduate-schools/top-computer-science-schools/computer-science-rankings,usnews_index_copy.txt,
96,Binghamton University--SUNY,"Binghamton, NY",Binghamton,NY,true,,,,,,U.S. News 2026 Best Computer Science Schools,https://www.usnews.com/best-graduate-schools/top-computer-science-schools/computer-science-rankings,usnews_index_copy.txt,
96,Colorado State University,CO,,CO,true,,,,,,U.S. News 2026 Best Computer Science Schools,https://www.usnews.com/best-graduate-schools/top-computer-science-schools/computer-science-rankings,usnews_index_copy.txt,
96,Drexel University,"Philadelphia, PA",Philadelphia,PA,true,,,,,,U.S. News 2026 Best Computer Science Schools,https://www.usnews.com/best-graduate-schools/top-computer-science-schools/computer-science-rankings,usnews_index_copy.txt,
96,Illinois Institute of Technology,"Chicago, IL",Chicago,IL,true,,,,,,U.S. News 2026 Best Computer Science Schools,https://www.usnews.com/best-graduate-schools/top-computer-science-schools/computer-science-rankings,usnews_index_copy.txt,
96,Temple University,"Philadelphia, PA",Philadelphia,PA,true,,,,,,U.S. News 2026 Best Computer Science Schools,https://www.usnews.com/best-graduate-schools/top-computer-science-schools/computer-science-rankings,usnews_index_copy.txt,
96,University of Kansas,KS,,KS,true,,,,,,U.S. News 2026 Best Computer Science Schools,https://www.usnews.com/best-graduate-schools/top-computer-science-schools/computer-science-rankings,usnews_index_copy.txt,
96,University of Kentucky,KY,,KY,true,,,,,,U.S. News 2026 Best Computer Science Schools,https://www.usnews.com/best-graduate-schools/top-computer-science-schools/computer-science-rankings,usnews_index_copy.txt,
96,University of North Carolina--Charlotte,"Charlotte, NC",Charlotte,NC,true,,,,,,U.S. News 2026 Best Computer Science Schools,https://www.usnews.com/best-graduate-schools/top-computer-science-schools/computer-science-rankings,usnews_index_copy.txt,
96,University of South Carolina,SC,,SC,true,,,,,,U.S. News 2026 Best Computer Science Schools,https://www.usnews.com/best-graduate-schools/top-computer-science-schools/computer-science-rankings,usnews_index_copy.txt,
96,Washington State University,WA,,WA,true,,,,,,U.S. News 2026 Best Computer Science Schools,https://www.usnews.com/best-graduate-schools/top-computer-science-schools/computer-science-rankings,usnews_index_copy.txt,
106,Brandeis University,"Waltham, MA",Waltham,MA,true,,,,,,U.S. News 2026 Best Computer Science Schools,https://www.usnews.com/best-graduate-schools/top-computer-science-schools/computer-science-rankings,usnews_index_copy.txt,
106,Brigham Young University,"Provo, UT",Provo,UT,true,,,,,,U.S. News 2026 Best Computer Science Schools,https://www.usnews.com/best-graduate-schools/top-computer-science-schools/computer-science-rankings,usnews_index_copy.txt,
106,Florida International University,"Miami, FL",Miami,FL,true,,,,,,U.S. News 2026 Best Computer Science Schools,https://www.usnews.com/best-graduate-schools/top-computer-science-schools/computer-science-rankings,usnews_index_copy.txt,
106,Kansas State University,"Manhattan, KS",Manhattan,KS,true,,,,,,U.S. News 2026 Best Computer Science Schools,https://www.usnews.com/best-graduate-schools/top-computer-science-schools/computer-science-rankings,usnews_index_copy.txt,
106,Rutgers University--Newark,NJ,,NJ,true,,,,,,U.S. News 2026 Best Computer Science Schools,https://www.usnews.com/best-graduate-schools/top-computer-science-schools/computer-science-rankings,usnews_index_copy.txt,
106,Tulane University,"New Orleans, LA",New Orleans,LA,true,,,,,,U.S. News 2026 Best Computer Science Schools,https://www.usnews.com/best-graduate-schools/top-computer-science-schools/computer-science-rankings,usnews_index_copy.txt,
106,University of California--Merced,CA,,CA,true,,,,,,U.S. News 2026 Best Computer Science Schools,https://www.usnews.com/best-graduate-schools/top-computer-science-schools/computer-science-rankings,usnews_index_copy.txt,
106,University of Houston,"Houston, TX",Houston,TX,true,,,,,,U.S. News 2026 Best Computer Science Schools,https://www.usnews.com/best-graduate-schools/top-computer-science-schools/computer-science-rankings,usnews_index_copy.txt,
106,University of New Mexico,"Albuquerque, NM",Albuquerque,NM,true,,,,,,U.S. News 2026 Best Computer Science Schools,https://www.usnews.com/best-graduate-schools/top-computer-science-schools/computer-science-rankings,usnews_index_copy.txt,
115,Georgia State University,"Atlanta, GA",Atlanta,GA,true,,,,,,U.S. News 2026 Best Computer Science Schools,https://www.usnews.com/best-graduate-schools/top-computer-science-schools/computer-science-rankings,usnews_index_copy.txt,
115,Howard University,"Washington, DC",Washington,DC,true,,,,,,U.S. News 2026 Best Computer Science Schools,https://www.usnews.com/best-graduate-schools/top-computer-science-schools/computer-science-rankings,usnews_index_copy.txt,
115,Naval Postgraduate School,CA,,CA,true,,,,,,U.S. News 2026 Best Computer Science Schools,https://www.usnews.com/best-graduate-schools/top-computer-science-schools/computer-science-rankings,usnews_index_copy.txt,
115,The University of Oklahoma,"Norman, OK",Norman,OK,true,,,,,,U.S. News 2026 Best Computer Science Schools,https://www.usnews.com/best-graduate-schools/top-computer-science-schools/computer-science-rankings,usnews_index_copy.txt,
115,The University of Texas--San Antonio,"San Antonio, TX",San Antonio,TX,true,,,,,,U.S. News 2026 Best Computer Science Schools,https://www.usnews.com/best-graduate-schools/top-computer-science-schools/computer-science-rankings,usnews_index_copy.txt,
115,University at Albany--SUNY,"Albany, NY",Albany,NY,true,,,,,,U.S. News 2026 Best Computer Science Schools,https://www.usnews.com/best-graduate-schools/top-computer-science-schools/computer-science-rankings,usnews_index_copy.txt,
115,University of Alabama,"Tuscaloosa, AL",Tuscaloosa,AL,true,,,,,,U.S. News 2026 Best Computer Science Schools,https://www.usnews.com/best-graduate-schools/top-computer-science-schools/computer-science-rankings,usnews_index_copy.txt,
115,University of Cincinnati,"Cincinnati, OH",Cincinnati,OH,true,,,,,,U.S. News 2026 Best Computer Science Schools,https://www.usnews.com/best-graduate-schools/top-computer-science-schools/computer-science-rankings,usnews_index_copy.txt,
115,University of Hawaii--Manoa,HI,,HI,true,,,,,,U.S. News 2026 Best Computer Science Schools,https://www.usnews.com/best-graduate-schools/top-computer-science-schools/computer-science-rankings,usnews_index_copy.txt,
115,University of Missouri,MO,,MO,true,,,,,,U.S. News 2026 Best Computer Science Schools,https://www.usnews.com/best-graduate-schools/top-computer-science-schools/computer-science-rankings,usnews_index_copy.txt,
115,Wayne State University,"Detroit, MI",Detroit,MI,true,,,,,,U.S. News 2026 Best Computer Science Schools,https://www.usnews.com/best-graduate-schools/top-computer-science-schools/computer-science-rankings,usnews_index_copy.txt,
126,Louisiana State University--Baton Rouge,"Baton Rouge, LA",Baton Rouge,LA,true,,,,,,U.S. News 2026 Best Computer Science Schools,https://www.usnews.com/best-graduate-schools/top-computer-science-schools/computer-science-rankings,usnews_index_copy.txt,
126,Missouri University of Science & Technology,"Rolla, MO",Rolla,MO,true,,,,,,U.S. News 2026 Best Computer Science Schools,https://www.usnews.com/best-graduate-schools/top-computer-science-schools/computer-science-rankings,usnews_index_copy.txt,
126,Southern Methodist University,TX,,TX,true,,,,,,U.S. News 2026 Best Computer Science Schools,https://www.usnews.com/best-graduate-schools/top-computer-science-schools/computer-science-rankings,usnews_index_copy.txt,
126,University of Massachusetts--Boston,MA,,MA,true,,,,,,U.S. News 2026 Best Computer Science Schools,https://www.usnews.com/best-graduate-schools/top-computer-science-schools/computer-science-rankings,usnews_index_copy.txt,
126,University of Massachusetts--Lowell,"Lowell, MA",Lowell,MA,true,,,,,,U.S. News 2026 Best Computer Science Schools,https://www.usnews.com/best-graduate-schools/top-computer-science-schools/computer-science-rankings,usnews_index_copy.txt,
126,University of Miami,"Coral Gables, FL",Coral Gables,FL,true,,,,,,U.S. News 2026 Best Computer Science Schools,https://www.usnews.com/best-graduate-schools/top-computer-science-schools/computer-science-rankings,usnews_index_copy.txt,
126,University of Vermont,"Burlington, VT",Burlington,VT,true,,,,,,U.S. News 2026 Best Computer Science Schools,https://www.usnews.com/best-graduate-schools/top-computer-science-schools/computer-science-rankings,usnews_index_copy.txt,
133,CUNY Graduate School and University Center,"New York, NY",New York,NY,true,,,,,,U.S. News 2026 Best Computer Science Schools,https://www.usnews.com/best-graduate-schools/top-computer-science-schools/computer-science-rankings,usnews_index_copy.txt,
133,Florida Atlantic University,"Boca Raton, FL",Boca Raton,FL,true,,,,,,U.S. News 2026 Best Computer Science Schools,https://www.usnews.com/best-graduate-schools/top-computer-science-schools/computer-science-rankings,usnews_index_copy.txt,
133,Indiana University Indianapolis,IN,,IN,true,,,,,,U.S. News 2026 Best Computer Science Schools,https://www.usnews.com/best-graduate-schools/top-computer-science-schools/computer-science-rankings,usnews_index_copy.txt,
133,Michigan Technological University,"Houghton, MI",Houghton,MI,true,,,,,,U.S. News 2026 Best Computer Science Schools,https://www.usnews.com/best-graduate-schools/top-computer-science-schools/computer-science-rankings,usnews_index_copy.txt,
133,Mississippi State University,"Mississippi State, MS",Mississippi State,MS,true,,,,,,U.S. News 2026 Best Computer Science Schools,https://www.usnews.com/best-graduate-schools/top-computer-science-schools/computer-science-rankings,usnews_index_copy.txt,
133,Oklahoma State University,OK,,OK,true,,,,,,U.S. News 2026 Best Computer Science Schools,https://www.usnews.com/best-graduate-schools/top-computer-science-schools/computer-science-rankings,usnews_index_copy.txt,
133,Texas Tech University,"Lubbock, TX",Lubbock,TX,true,,,,,,U.S. News 2026 Best Computer Science Schools,https://www.usnews.com/best-graduate-schools/top-computer-science-schools/computer-science-rankings,usnews_index_copy.txt,
133,University of Arkansas--Fayetteville,AR,,AR,true,,,,,,U.S. News 2026 Best Computer Science Schools,https://www.usnews.com/best-graduate-schools/top-computer-science-schools/computer-science-rankings,usnews_index_copy.txt,
133,University of Louisiana--Lafayette,LA,,LA,true,,,,,,U.S. News 2026 Best Computer Science Schools,https://www.usnews.com/best-graduate-schools/top-computer-science-schools/computer-science-rankings,usnews_index_copy.txt,
133,University of Nevada--Las Vegas,"Las Vegas, NV",Las Vegas,NV,true,,,,,,U.S. News 2026 Best Computer Science Schools,https://www.usnews.com/best-graduate-schools/top-computer-science-schools/computer-science-rankings,usnews_index_copy.txt,
133,University of New Hampshire,NH,,NH,true,,,,,,U.S. News 2026 Best Computer Science Schools,https://www.usnews.com/best-graduate-schools/top-computer-science-schools/computer-science-rankings,usnews_index_copy.txt,
133,University of North Texas,TX,,TX,true,,,,,,U.S. News 2026 Best Computer Science Schools,https://www.usnews.com/best-graduate-schools/top-computer-science-schools/computer-science-rankings,usnews_index_copy.txt,
133,University of Rhode Island,"Kingston, RI",Kingston,RI,true,,,,,,U.S. News 2026 Best Computer Science Schools,https://www.usnews.com/best-graduate-schools/top-computer-science-schools/computer-science-rankings,usnews_index_copy.txt,
133,University of Texas--El Paso,"El Paso, TX",El Paso,TX,true,,,,,,U.S. News 2026 Best Computer Science Schools,https://www.usnews.com/best-graduate-schools/top-computer-science-schools/computer-science-rankings,usnews_index_copy.txt,
133,University of Wisconsin--Milwaukee,WI,,WI,true,,,,,,U.S. News 2026 Best Computer Science Schools,https://www.usnews.com/best-graduate-schools/top-computer-science-schools/computer-science-rankings,usnews_index_copy.txt,
133,Utah State University,UT,,UT,true,,,,,,U.S. News 2026 Best Computer Science Schools,https://www.usnews.com/best-graduate-schools/top-computer-science-schools/computer-science-rankings,usnews_index_copy.txt,
133,Virginia Commonwealth University,"Richmond, VA",Richmond,VA,true,,,,,,U.S. News 2026 Best Computer Science Schools,https://www.usnews.com/best-graduate-schools/top-computer-science-schools/computer-science-rankings,usnews_index_copy.txt,
133,West Virginia University,"Morgantown, WV",Morgantown,WV,true,,,,,,U.S. News 2026 Best Computer Science Schools,https://www.usnews.com/best-graduate-schools/top-computer-science-schools/computer-science-rankings,usnews_index_copy.txt,
151,Air Force Institute of Technology,OH,,OH,true,,,,,,U.S. News 2026 Best Computer Science Schools,https://www.usnews.com/best-graduate-schools/top-computer-science-schools/computer-science-rankings,usnews_index_copy.txt,
151,Boise State University,"Boise, ID",Boise,ID,true,,,,,,U.S. News 2026 Best Computer Science Schools,https://www.usnews.com/best-graduate-schools/top-computer-science-schools/computer-science-rankings,usnews_index_copy.txt,
151,DePaul University,IL,,IL,true,,,,,,U.S. News 2026 Best Computer Science Schools,https://www.usnews.com/best-graduate-schools/top-computer-science-schools/computer-science-rankings,usnews_index_copy.txt,
151,Florida Institute of Technology,"Melbourne, FL",Melbourne,FL,true,,,,,,U.S. News 2026 Best Computer Science Schools,https://www.usnews.com/best-graduate-schools/top-computer-science-schools/computer-science-rankings,usnews_index_copy.txt,
151,New Mexico State University,NM,,NM,true,,,,,,U.S. News 2026 Best Computer Science Schools,https://www.usnews.com/best-graduate-schools/top-computer-science-schools/computer-science-rankings,usnews_index_copy.txt,
151,Old Dominion University,"Norfolk, VA",Norfolk,VA,true,,,,,,U.S. News 2026 Best Computer Science Schools,https://www.usnews.com/best-graduate-schools/top-computer-science-schools/computer-science-rankings,usnews_index_copy.txt,
151,Portland State University,"Portland, OR",Portland,OR,true,,,,,,U.S. News 2026 Best Computer Science Schools,https://www.usnews.com/best-graduate-schools/top-computer-science-schools/computer-science-rankings,usnews_index_copy.txt,
151,Towson University,MD,,MD,true,,,,,,U.S. News 2026 Best Computer Science Schools,https://www.usnews.com/best-graduate-schools/top-computer-science-schools/computer-science-rankings,usnews_index_copy.txt,
151,University of Alabama at Birmingham,AL,,AL,true,,,,,,U.S. News 2026 Best Computer Science Schools,https://www.usnews.com/best-graduate-schools/top-computer-science-schools/computer-science-rankings,usnews_index_copy.txt,
151,University of Colorado--Colorado Springs,"Colorado Springs, CO",Colorado Springs,CO,true,,,,,,U.S. News 2026 Best Computer Science Schools,https://www.usnews.com/best-graduate-schools/top-computer-science-schools/computer-science-rankings,usnews_index_copy.txt,
151,University of Idaho,ID,,ID,true,,,,,,U.S. News 2026 Best Computer Science Schools,https://www.usnews.com/best-graduate-schools/top-computer-science-schools/computer-science-rankings,usnews_index_copy.txt,
151,University of Louisville,"Louisville, KY",Louisville,KY,true,,,,,,U.S. News 2026 Best Computer Science Schools,https://www.usnews.com/best-graduate-schools/top-computer-science-schools/computer-science-rankings,usnews_index_copy.txt,
151,University of Maine,"Orono, ME",Orono,ME,true,,,,,,U.S. News 2026 Best Computer Science Schools,https://www.usnews.com/best-graduate-schools/top-computer-science-schools/computer-science-rankings,usnews_index_copy.txt,
151,University of Memphis,"Memphis, TN",Memphis,TN,true,,,,,,U.S. News 2026 Best Computer Science Schools,https://www.usnews.com/best-graduate-schools/top-computer-science-schools/computer-science-rankings,usnews_index_copy.txt,
151,University of Michigan--Dearborn,"Dearborn, MI",Dearborn,MI,true,,,,,,U.S. News 2026 Best Computer Science Schools,https://www.usnews.com/best-graduate-schools/top-computer-science-schools/computer-science-rankings,usnews_index_copy.txt,
151,University of Mississippi,MS,,MS,true,,,,,,U.S. News 2026 Best Computer Science Schools,https://www.usnews.com/best-graduate-schools/top-computer-science-schools/computer-science-rankings,usnews_index_copy.txt,
151,University of Nebraska--Omaha,NE,,NE,true,,,,,,U.S. News 2026 Best Computer Science Schools,https://www.usnews.com/best-graduate-schools/top-computer-science-schools/computer-science-rankings,usnews_index_copy.txt,
151,University of Wyoming,"Laramie, WY",Laramie,WY,true,,,,,,U.S. News 2026 Best Computer Science Schools,https://www.usnews.com/best-graduate-schools/top-computer-science-schools/computer-science-rankings,usnews_index_copy.txt,
169,Embry-Riddle Aeronautical University -- Daytona Beach,"Daytona Beach, FL",Daytona Beach,FL,true,,,,,,U.S. News 2026 Best Computer Science Schools,https://www.usnews.com/best-graduate-schools/top-computer-science-schools/computer-science-rankings,usnews_index_copy.txt,
169,Kent State University,"Kent, OH",Kent,OH,true,,,,,,U.S. News 2026 Best Computer Science Schools,https://www.usnews.com/best-graduate-schools/top-computer-science-schools/computer-science-rankings,usnews_index_copy.txt,
169,Marquette University,WI,,WI,true,,,,,,U.S. News 2026 Best Computer Science Schools,https://www.usnews.com/best-graduate-schools/top-computer-science-schools/computer-science-rankings,usnews_index_copy.txt,
169,Montana State University,MT,,MT,true,,,,,,U.S. News 2026 Best Computer Science Schools,https://www.usnews.com/best-graduate-schools/top-computer-science-schools/computer-science-rankings,usnews_index_copy.txt,
169,Texas State University,"San Marcos, TX",San Marcos,TX,true,,,,,,U.S. News 2026 Best Computer Science Schools,https://www.usnews.com/best-graduate-schools/top-computer-science-schools/computer-science-rankings,usnews_index_copy.txt,
169,University of Alabama--Huntsville,"Huntsville, AL",Huntsville,AL,true,,,,,,U.S. News 2026 Best Computer Science Schools,https://www.usnews.com/best-graduate-schools/top-computer-science-schools/computer-science-rankings,usnews_index_copy.txt,
169,University of Missouri--Kansas City,"Kansas City, MO",Kansas City,MO,true,,,,,,U.S. News 2026 Best Computer Science Schools,https://www.usnews.com/best-graduate-schools/top-computer-science-schools/computer-science-rankings,usnews_index_copy.txt,
169,University of Nevada--Reno,NV,,NV,true,,,,,,U.S. News 2026 Best Computer Science Schools,https://www.usnews.com/best-graduate-schools/top-computer-science-schools/computer-science-rankings,usnews_index_copy.txt,
169,University of Tulsa,"Tulsa, OK",Tulsa,OK,true,,,,,,U.S. News 2026 Best Computer Science Schools,https://www.usnews.com/best-graduate-schools/top-computer-science-schools/computer-science-rankings,usnews_index_copy.txt,
169,Wichita State University,"Wichita, KS",Wichita,KS,true,,,,,,U.S. News 2026 Best Computer Science Schools,https://www.usnews.com/best-graduate-schools/top-computer-science-schools/computer-science-rankings,usnews_index_copy.txt,
169,Wright State University,OH,,OH,true,,,,,,U.S. News 2026 Best Computer Science Schools,https://www.usnews.com/best-graduate-schools/top-computer-science-schools/computer-science-rankings,usnews_index_copy.txt,
180,Claremont Graduate University,CA,,CA,true,,,,,,U.S. News 2026 Best Computer Science Schools,https://www.usnews.com/best-graduate-schools/top-computer-science-schools/computer-science-rankings,usnews_index_copy.txt,
180,Dakota State University,"Madison, SD",Madison,SD,true,,,,,,U.S. News 2026 Best Computer Science Schools,https://www.usnews.com/best-graduate-schools/top-computer-science-schools/computer-science-rankings,usnews_index_copy.txt,
180,New Mexico Institute of Mining and Technology,"Socorro, NM",Socorro,NM,true,,,,,,U.S. News 2026 Best Computer Science Schools,https://www.usnews.com/best-graduate-schools/top-computer-science-schools/computer-science-rankings,usnews_index_copy.txt,
180,North Carolina A&T State University,NC,,NC,true,,,,,,U.S. News 2026 Best Computer Science Schools,https://www.usnews.com/best-graduate-schools/top-computer-science-schools/computer-science-rankings,usnews_index_copy.txt,
180,North Dakota State University,"Fargo, ND",Fargo,ND,true,,,,,,U.S. News 2026 Best Computer Science Schools,https://www.usnews.com/best-graduate-schools/top-computer-science-schools/computer-science-rankings,usnews_index_copy.txt,
180,Southern Illinois University--Carbondale,"Carbondale, IL, IL",Carbondale,"IL, IL",true,,,,,,U.S. News 2026 Best Computer Science Schools,https://www.usnews.com/best-graduate-schools/top-computer-science-schools/computer-science-rankings,usnews_index_copy.txt,
180,University of Arkansas--Little Rock,AR,,AR,true,,,,,,U.S. News 2026 Best Computer Science Schools,https://www.usnews.com/best-graduate-schools/top-computer-science-schools/computer-science-rankings,usnews_index_copy.txt,
180,University of Colorado--Denver,"Denver, CO",Denver,CO,true,,,,,,U.S. News 2026 Best Computer Science Schools,https://www.usnews.com/best-graduate-schools/top-computer-science-schools/computer-science-rankings,usnews_index_copy.txt,
180,University of Denver,"Denver, CO",Denver,CO,true,,,,,,U.S. News 2026 Best Computer Science Schools,https://www.usnews.com/best-graduate-schools/top-computer-science-schools/computer-science-rankings,usnews_index_copy.txt,
180,University of Puerto Rico--Mayaguez,PR,,PR,true,,,,,,U.S. News 2026 Best Computer Science Schools,https://www.usnews.com/best-graduate-schools/top-computer-science-schools/computer-science-rankings,usnews_index_copy.txt,
190,Clarkson University,NY,,NY,true,,,,,,U.S. News 2026 Best Computer Science Schools,https://www.usnews.com/best-graduate-schools/top-computer-science-schools/computer-science-rankings,usnews_index_copy.txt,
190,Northern Arizona University,"Flagstaff, AZ",Flagstaff,AZ,true,,,,,,U.S. News 2026 Best Computer Science Schools,https://www.usnews.com/best-graduate-schools/top-computer-science-schools/computer-science-rankings,usnews_index_copy.txt,
190,Oakland University,"Rochester, MI",Rochester,MI,true,,,,,,U.S. News 2026 Best Computer Science Schools,https://www.usnews.com/best-graduate-schools/top-computer-science-schools/computer-science-rankings,usnews_index_copy.txt,
190,Tennessee Technological University,"Cookeville, TN",Cookeville,TN,true,,,,,,U.S. News 2026 Best Computer Science Schools,https://www.usnews.com/best-graduate-schools/top-computer-science-schools/computer-science-rankings,usnews_index_copy.txt,
190,University of New Orleans,"New Orleans, LA",New Orleans,LA,true,,,,,,U.S. News 2026 Best Computer Science Schools,https://www.usnews.com/best-graduate-schools/top-computer-science-schools/computer-science-rankings,usnews_index_copy.txt,
195,Nova Southeastern University,"Fort Lauderdale, FL",Fort Lauderdale,FL,true,,,,,,U.S. News 2026 Best Computer Science Schools,https://www.usnews.com/best-graduate-schools/top-computer-science-schools/computer-science-rankings,usnews_index_copy.txt,
195,Pace University,"New York, NY",New York,NY,true,,,,,,U.S. News 2026 Best Computer Science Schools,https://www.usnews.com/best-graduate-schools/top-computer-science-schools/computer-science-rankings,usnews_index_copy.txt,
195,University of Southern Mississippi,MS,,MS,true,,,,,,U.S. News 2026 Best Computer Science Schools,https://www.usnews.com/best-graduate-schools/top-computer-science-schools/computer-science-rankings,usnews_index_copy.txt,
198,Bowie State University,"Bowie, MD",Bowie,MD,true,,,,,,U.S. News 2026 Best Computer Science Schools,https://www.usnews.com/best-graduate-schools/top-computer-science-schools/computer-science-rankings,usnews_index_copy.txt,
198,Chapman University,CA,,CA,true,,,,,,U.S. News 2026 Best Computer Science Schools,https://www.usnews.com/best-graduate-schools/top-computer-science-schools/computer-science-rankings,usnews_index_copy.txt,
198,The Catholic University of America,"Washington, DC",Washington,DC,true,,,,,,U.S. News 2026 Best Computer Science Schools,https://www.usnews.com/best-graduate-schools/top-computer-science-schools/computer-science-rankings,usnews_index_copy.txt,
